land_grass04,land_grass04,land_grass04,land_grass04,land_grass04,land_grass04,land_grass04,land_grass04,land_grass04,land_grass04
land_grass04,land_grass04,land_grass04,land_grass04,land_grass04,land_grass04,land_grass04,land_grass04,land_grass04,land_grass04
land_grass04,land_grass04,land_grass04,land_grass04,land_grass04,land_grass04,land_grass04,land_grass04,land_grass04,land_grass04
land_grass04,land_grass04,land_grass04,land_grass04,land_grass04,land_grass04,land_grass04,land_grass04,land_grass04,land_grass04
land_grass04,land_grass04,land_grass04,land_grass04,land_grass04,land_grass04,land_grass04,land_grass04,land_grass04,land_grass04
land_grass04,land_grass04,land_grass04,land_grass04,land_grass04,land_grass04,land_grass04,land_grass04,land_grass04,land_grass04
land_grass04,land_grass04,land_grass04,land_grass04,land_grass04,land_grass04,land_grass04,land_grass04,land_grass04,land_grass04
land_grass04,land_grass04,land_grass04,land_grass04,land_grass04,land_grass04,land_grass04,land_grass04,land_grass04,land_grass04
land_grass04,land_grass04,land_grass04,land_grass04,road_dirt42,land_grass04,land_grass04,land_grass04,land_grass04,land_grass04
land_grass04,land_grass04,land_grass04,land_grass04,land_grass04,land_grass04,land_grass04,land_grass04,land_grass04,land_grass04
